LoginID,Password,LoginType
12520,12520,CUSTOMER
13045,13045,CUSTOMER
20335,20335,CUSTOMER
11710,11710,CUSTOMER
10480,10480,CUSTOMER
15070,15070,CUSTOMER
14815,14815,CUSTOMER
19075,19075,CUSTOMER
10270,10270,CUSTOMER
21925,21925,CUSTOMER
16585,16585,CUSTOMER
20065,20065,CUSTOMER
13870,13870,CUSTOMER
13945,13945,CUSTOMER
21520,21520,CUSTOMER
17560,17560,CUSTOMER
14485,14485,CUSTOMER
20710,20710,CUSTOMER
16930,16930,CUSTOMER
19885,19885,CUSTOMER
14080,14080,CUSTOMER
18715,18715,CUSTOMER
18865,18865,CUSTOMER
16900,16900,CUSTOMER
13000,13000,CUSTOMER
15265,15265,CUSTOMER
21055,21055,CUSTOMER
16720,16720,CUSTOMER
18970,18970,CUSTOMER
11590,11590,CUSTOMER
16270,16270,CUSTOMER
14980,14980,CUSTOMER
15745,15745,CUSTOMER
16600,16600,CUSTOMER
20770,20770,CUSTOMER
13690,13690,CUSTOMER
16105,16105,CUSTOMER
12400,12400,CUSTOMER
18895,18895,CUSTOMER
14455,14455,CUSTOMER
15685,15685,CUSTOMER
16315,16315,CUSTOMER
19705,19705,CUSTOMER
18775,18775,CUSTOMER
16345,16345,CUSTOMER
13855,13855,CUSTOMER
19465,19465,CUSTOMER
14470,14470,CUSTOMER
16870,16870,CUSTOMER
15250,15250,CUSTOMER
19060,19060,CUSTOMER
12805,12805,CUSTOMER
12565,12565,CUSTOMER
19960,19960,CUSTOMER
13090,13090,CUSTOMER
14650,14650,CUSTOMER
20725,20725,CUSTOMER
10180,10180,CUSTOMER
19165,19165,CUSTOMER
21610,21610,CUSTOMER
16975,16975,CUSTOMER
13585,13585,CUSTOMER
16885,16885,CUSTOMER
15895,15895,CUSTOMER
19975,19975,CUSTOMER
20080,20080,CUSTOMER
14920,14920,CUSTOMER
17680,17680,CUSTOMER
16165,16165,CUSTOMER
21025,21025,CUSTOMER
20650,20650,CUSTOMER
18490,18490,CUSTOMER
13060,13060,CUSTOMER
18670,18670,CUSTOMER
21070,21070,CUSTOMER
13960,13960,CUSTOMER
19900,19900,CUSTOMER
17740,17740,CUSTOMER
11140,11140,CUSTOMER
12130,12130,CUSTOMER
15400,15400,CUSTOMER
20500,20500,CUSTOMER
15640,15640,CUSTOMER
13150,13150,CUSTOMER
19675,19675,CUSTOMER
19990,19990,CUSTOMER
14290,14290,CUSTOMER
10360,10360,CUSTOMER
17470,17470,CUSTOMER
17515,17515,CUSTOMER
12025,12025,CUSTOMER
21685,21685,CUSTOMER
14365,14365,CUSTOMER
17305,17305,CUSTOMER
11755,11755,CUSTOMER
17140,17140,CUSTOMER
14890,14890,CUSTOMER
16810,16810,CUSTOMER
15985,15985,CUSTOMER
17980,17980,CUSTOMER
21775,21775,CUSTOMER
15910,15910,CUSTOMER
15925,15925,CUSTOMER
13180,13180,CUSTOMER
21670,21670,CUSTOMER
14035,14035,CUSTOMER
13120,13120,CUSTOMER
16645,16645,CUSTOMER
13480,13480,CUSTOMER
17155,17155,CUSTOMER
16540,16540,CUSTOMER
13315,13315,CUSTOMER
12880,12880,CUSTOMER
12670,12670,CUSTOMER
13600,13600,CUSTOMER
20290,20290,CUSTOMER
19825,19825,CUSTOMER
10210,10210,CUSTOMER
12535,12535,CUSTOMER
12310,12310,CUSTOMER
16690,16690,CUSTOMER
10990,10990,CUSTOMER
10495,10495,CUSTOMER
15280,15280,CUSTOMER
10195,10195,CUSTOMER
18565,18565,CUSTOMER
16555,16555,CUSTOMER
10225,10225,CUSTOMER
12625,12625,CUSTOMER
20395,20395,CUSTOMER
11185,11185,CUSTOMER
21205,21205,CUSTOMER
10525,10525,CUSTOMER
20860,20860,CUSTOMER
18445,18445,CUSTOMER
14230,14230,CUSTOMER
14620,14620,CUSTOMER
13510,13510,CUSTOMER
18850,18850,CUSTOMER
15850,15850,CUSTOMER
13615,13615,CUSTOMER
10420,10420,CUSTOMER
12550,12550,CUSTOMER
20995,20995,CUSTOMER
10060,10060,CUSTOMER
15505,15505,CUSTOMER
21745,21745,CUSTOMER
16435,16435,CUSTOMER
16060,16060,CUSTOMER
17905,17905,CUSTOMER
14755,14755,CUSTOMER
10900,10900,CUSTOMER
18280,18280,CUSTOMER
10405,10405,CUSTOMER
19915,19915,CUSTOMER
10285,10285,CUSTOMER
16780,16780,CUSTOMER
13435,13435,CUSTOMER
13225,13225,CUSTOMER
18430,18430,CUSTOMER
18190,18190,CUSTOMER
15115,15115,CUSTOMER
11095,11095,CUSTOMER
21730,21730,CUSTOMER
20140,20140,CUSTOMER
10675,10675,CUSTOMER
17185,17185,CUSTOMER
19840,19840,CUSTOMER
16510,16510,CUSTOMER
16675,16675,CUSTOMER
12010,12010,CUSTOMER
19150,19150,CUSTOMER
17965,17965,CUSTOMER
18385,18385,CUSTOMER
20485,20485,CUSTOMER
16630,16630,CUSTOMER
19795,19795,CUSTOMER
18160,18160,CUSTOMER
19180,19180,CUSTOMER
11545,11545,CUSTOMER
21595,21595,CUSTOMER
19360,19360,CUSTOMER
13705,13705,CUSTOMER
20095,20095,CUSTOMER
21040,21040,CUSTOMER
15940,15940,CUSTOMER
17785,17785,CUSTOMER
15520,15520,CUSTOMER
15475,15475,CUSTOMER
15805,15805,CUSTOMER
21865,21865,CUSTOMER
14065,14065,CUSTOMER
18070,18070,CUSTOMER
20830,20830,CUSTOMER
11905,11905,CUSTOMER
10960,10960,CUSTOMER
20590,20590,CUSTOMER
19780,19780,CUSTOMER
17350,17350,CUSTOMER
17380,17380,CUSTOMER
12385,12385,CUSTOMER
17245,17245,CUSTOMER
11515,11515,CUSTOMER
13210,13210,CUSTOMER
17605,17605,CUSTOMER
11605,11605,CUSTOMER
18790,18790,CUSTOMER
18145,18145,CUSTOMER
16240,16240,CUSTOMER
15340,15340,CUSTOMER
19615,19615,CUSTOMER
10375,10375,CUSTOMER
13915,13915,CUSTOMER
12985,12985,CUSTOMER
11500,11500,CUSTOMER
17065,17065,CUSTOMER
10135,10135,CUSTOMER
11320,11320,CUSTOMER
14710,14710,CUSTOMER
10945,10945,CUSTOMER
18730,18730,CUSTOMER
17080,17080,CUSTOMER
12775,12775,CUSTOMER
15490,15490,CUSTOMER
14320,14320,CUSTOMER
13840,13840,CUSTOMER
15415,15415,CUSTOMER
20200,20200,CUSTOMER
21640,21640,CUSTOMER
11950,11950,CUSTOMER
12145,12145,CUSTOMER
13465,13465,CUSTOMER
11725,11725,CUSTOMER
21910,21910,CUSTOMER
17830,17830,CUSTOMER
16915,16915,CUSTOMER
21130,21130,CUSTOMER
12205,12205,CUSTOMER
10240,10240,CUSTOMER
10510,10510,CUSTOMER
18655,18655,CUSTOMER
14590,14590,CUSTOMER
12595,12595,CUSTOMER
18355,18355,CUSTOMER
12265,12265,CUSTOMER
20965,20965,CUSTOMER
17800,17800,CUSTOMER
10735,10735,CUSTOMER
14380,14380,CUSTOMER
13420,13420,CUSTOMER
17725,17725,CUSTOMER
16150,16150,CUSTOMER
15835,15835,CUSTOMER
20305,20305,CUSTOMER
12430,12430,CUSTOMER
10825,10825,CUSTOMER
20740,20740,CUSTOMER
12730,12730,CUSTOMER
14125,14125,CUSTOMER
20545,20545,CUSTOMER
21235,21235,CUSTOMER
19390,19390,CUSTOMER
19570,19570,CUSTOMER
11980,11980,CUSTOMER
13630,13630,CUSTOMER
14635,14635,CUSTOMER
17845,17845,CUSTOMER
19285,19285,CUSTOMER
18325,18325,CUSTOMER
10165,10165,CUSTOMER
15550,15550,CUSTOMER
15370,15370,CUSTOMER
11470,11470,CUSTOMER
13165,13165,CUSTOMER
21550,21550,CUSTOMER
10915,10915,CUSTOMER
19765,19765,CUSTOMER
20365,20365,CUSTOMER
12325,12325,CUSTOMER
19810,19810,CUSTOMER
17545,17545,CUSTOMER
20695,20695,CUSTOMER
15355,15355,CUSTOMER
13900,13900,CUSTOMER
13030,13030,CUSTOMER
19195,19195,CUSTOMER
20875,20875,CUSTOMER
19105,19105,CUSTOMER
19735,19735,CUSTOMER
21895,21895,CUSTOMER
13285,13285,CUSTOMER
12340,12340,CUSTOMER
11020,11020,CUSTOMER
17020,17020,CUSTOMER
12250,12250,CUSTOMER
10795,10795,CUSTOMER
11245,11245,CUSTOMER
12865,12865,CUSTOMER
11785,11785,CUSTOMER
17110,17110,CUSTOMER
15730,15730,CUSTOMER
14020,14020,CUSTOMER
19495,19495,CUSTOMER
MOVIEADMIN,MOVIEADMIN,MOVIEADMIN
14935,14935,CUSTOMER
18130,18130,CUSTOMER
14440,14440,CUSTOMER
19015,19015,CUSTOMER
11110,11110,CUSTOMER
21325,21325,CUSTOMER
18820,18820,CUSTOMER
15175,15175,CUSTOMER
11650,11650,CUSTOMER
14095,14095,CUSTOMER
10885,10885,CUSTOMER
14725,14725,CUSTOMER
12760,12760,CUSTOMER
13105,13105,CUSTOMER
11260,11260,CUSTOMER
20125,20125,CUSTOMER
12445,12445,CUSTOMER
10780,10780,CUSTOMER
16945,16945,CUSTOMER
14740,14740,CUSTOMER
18910,18910,CUSTOMER
20005,20005,CUSTOMER
10765,10765,CUSTOMER
19135,19135,CUSTOMER
16840,16840,CUSTOMER
15595,15595,CUSTOMER
13735,13735,CUSTOMER
18745,18745,CUSTOMER
15040,15040,CUSTOMER
17365,17365,CUSTOMER
14530,14530,CUSTOMER
16210,16210,CUSTOMER
11335,11335,CUSTOMER
20050,20050,CUSTOMER
19630,19630,CUSTOMER
20110,20110,CUSTOMER
10075,10075,CUSTOMER
15535,15535,CUSTOMER
15760,15760,CUSTOMER
19300,19300,CUSTOMER
12040,12040,CUSTOMER
19270,19270,CUSTOMER
16255,16255,CUSTOMER
16360,16360,CUSTOMER
14665,14665,CUSTOMER
20275,20275,CUSTOMER
15970,15970,CUSTOMER
12925,12925,CUSTOMER
16990,16990,CUSTOMER
21190,21190,CUSTOMER
11800,11800,CUSTOMER
19690,19690,CUSTOMER
21580,21580,CUSTOMER
10630,10630,CUSTOMER
21340,21340,CUSTOMER
20155,20155,CUSTOMER
18235,18235,CUSTOMER
19585,19585,CUSTOMER
19945,19945,CUSTOMER
17815,17815,CUSTOMER
21790,21790,CUSTOMER
15880,15880,CUSTOMER
16225,16225,CUSTOMER
14770,14770,CUSTOMER
13255,13255,CUSTOMER
10390,10390,CUSTOMER
15445,15445,CUSTOMER
15430,15430,CUSTOMER
19660,19660,CUSTOMER
17500,17500,CUSTOMER
18640,18640,CUSTOMER
13300,13300,CUSTOMER
18595,18595,CUSTOMER
17650,17650,CUSTOMER
21160,21160,CUSTOMER
11620,11620,CUSTOMER
12160,12160,CUSTOMER
20560,20560,CUSTOMER
14005,14005,CUSTOMER
14305,14305,CUSTOMER
17710,17710,CUSTOMER
12100,12100,CUSTOMER
13540,13540,CUSTOMER
11395,11395,CUSTOMER
12745,12745,CUSTOMER
11485,11485,CUSTOMER
19045,19045,CUSTOMER
18985,18985,CUSTOMER
18520,18520,CUSTOMER
13495,13495,CUSTOMER
12355,12355,CUSTOMER
14275,14275,CUSTOMER
18340,18340,CUSTOMER
10315,10315,CUSTOMER
16765,16765,CUSTOMER
10720,10720,CUSTOMER
18940,18940,CUSTOMER
10435,10435,CUSTOMER
12055,12055,CUSTOMER
14830,14830,CUSTOMER
11530,11530,CUSTOMER
16750,16750,CUSTOMER
20755,20755,CUSTOMER
20620,20620,CUSTOMER
11170,11170,CUSTOMER
16480,16480,CUSTOMER
11695,11695,CUSTOMER
14680,14680,CUSTOMER
14155,14155,CUSTOMER
18700,18700,CUSTOMER
18115,18115,CUSTOMER
15700,15700,CUSTOMER
20950,20950,CUSTOMER
12220,12220,CUSTOMER
19225,19225,CUSTOMER
12850,12850,CUSTOMER
11770,11770,CUSTOMER
14500,14500,CUSTOMER
21355,21355,CUSTOMER
16180,16180,CUSTOMER
13975,13975,CUSTOMER
19255,19255,CUSTOMER
21535,21535,CUSTOMER
12460,12460,CUSTOMER
14965,14965,CUSTOMER
16825,16825,CUSTOMER
17575,17575,CUSTOMER
17095,17095,CUSTOMER
14170,14170,CUSTOMER
14545,14545,CUSTOMER
12085,12085,CUSTOMER
14260,14260,CUSTOMER
17005,17005,CUSTOMER
10255,10255,CUSTOMER
17935,17935,CUSTOMER
15670,15670,CUSTOMER
15190,15190,CUSTOMER
12115,12115,CUSTOMER
10045,10045,CUSTOMER
11290,11290,CUSTOMER
18370,18370,CUSTOMER
16735,16735,CUSTOMER
16465,16465,CUSTOMER
14860,14860,CUSTOMER
10600,10600,CUSTOMER
20035,20035,CUSTOMER
17890,17890,CUSTOMER
16120,16120,CUSTOMER
18955,18955,CUSTOMER
21880,21880,CUSTOMER
16375,16375,CUSTOMER
10105,10105,CUSTOMER
14905,14905,CUSTOMER
11305,11305,CUSTOMER
20815,20815,CUSTOMER
19540,19540,CUSTOMER
12835,12835,CUSTOMER
20530,20530,CUSTOMER
17920,17920,CUSTOMER
19030,19030,CUSTOMER
20440,20440,CUSTOMER
21085,21085,CUSTOMER
17425,17425,CUSTOMER
17320,17320,CUSTOMER
18610,18610,CUSTOMER
18085,18085,CUSTOMER
16495,16495,CUSTOMER
16390,16390,CUSTOMER
18685,18685,CUSTOMER
12505,12505,CUSTOMER
17770,17770,CUSTOMER
12655,12655,CUSTOMER
12640,12640,CUSTOMER
21370,21370,CUSTOMER
15220,15220,CUSTOMER
15790,15790,CUSTOMER
19000,19000,CUSTOMER
10540,10540,CUSTOMER
10855,10855,CUSTOMER
21400,21400,CUSTOMER
18925,18925,CUSTOMER
14425,14425,CUSTOMER
18175,18175,CUSTOMER
15655,15655,CUSTOMER
11890,11890,CUSTOMER
13270,13270,CUSTOMER
15085,15085,CUSTOMER
11425,11425,CUSTOMER
10150,10150,CUSTOMER
16075,16075,CUSTOMER
13750,13750,CUSTOMER
20470,20470,CUSTOMER
12190,12190,CUSTOMER
10840,10840,CUSTOMER
18100,18100,CUSTOMER
21460,21460,CUSTOMER
21805,21805,CUSTOMER
18295,18295,CUSTOMER
19480,19480,CUSTOMER
13390,13390,CUSTOMER
17395,17395,CUSTOMER
15385,15385,CUSTOMER
15160,15160,CUSTOMER
17275,17275,CUSTOMER
18400,18400,CUSTOMER
21280,21280,CUSTOMER
11380,11380,CUSTOMER
15010,15010,CUSTOMER
12280,12280,CUSTOMER
21100,21100,CUSTOMER
18055,18055,CUSTOMER
18505,18505,CUSTOMER
19645,19645,CUSTOMER
20455,20455,CUSTOMER
13930,13930,CUSTOMER
18760,18760,CUSTOMER
14995,14995,CUSTOMER
14950,14950,CUSTOMER
12790,12790,CUSTOMER
15205,15205,CUSTOMER
14215,14215,CUSTOMER
13885,13885,CUSTOMER
13450,13450,CUSTOMER
15955,15955,CUSTOMER
19375,19375,CUSTOMER
17755,17755,CUSTOMER
12685,12685,CUSTOMER
15610,15610,CUSTOMER
19855,19855,CUSTOMER
21175,21175,CUSTOMER
11455,11455,CUSTOMER
15565,15565,CUSTOMER
19210,19210,CUSTOMER
11680,11680,CUSTOMER
15235,15235,CUSTOMER
12070,12070,CUSTOMER
18460,18460,CUSTOMER
10975,10975,CUSTOMER
16330,16330,CUSTOMER
14605,14605,CUSTOMER
18625,18625,CUSTOMER
18010,18010,CUSTOMER
11230,11230,CUSTOMER
15775,15775,CUSTOMER
10090,10090,CUSTOMER
10450,10450,CUSTOMER
17860,17860,CUSTOMER
13660,13660,CUSTOMER
13990,13990,CUSTOMER
13765,13765,CUSTOMER
20230,20230,CUSTOMER
15715,15715,CUSTOMER
10615,10615,CUSTOMER
16015,16015,CUSTOMER
12415,12415,CUSTOMER
16030,16030,CUSTOMER
17215,17215,CUSTOMER
20800,20800,CUSTOMER
10705,10705,CUSTOMER
19510,19510,CUSTOMER
11995,11995,CUSTOMER
17590,17590,CUSTOMER
12610,12610,CUSTOMER
16525,16525,CUSTOMER
20980,20980,CUSTOMER
11080,11080,CUSTOMER
17260,17260,CUSTOMER
10120,10120,CUSTOMER
11200,11200,CUSTOMER
20245,20245,CUSTOMER
11665,11665,CUSTOMER
19345,19345,CUSTOMER
21850,21850,CUSTOMER
21625,21625,CUSTOMER
10870,10870,CUSTOMER
19435,19435,CUSTOMER
16285,16285,CUSTOMER
15820,15820,CUSTOMER
15100,15100,CUSTOMER
18805,18805,CUSTOMER
19600,19600,CUSTOMER
10930,10930,CUSTOMER
17410,17410,CUSTOMER
13555,13555,CUSTOMER
17620,17620,CUSTOMER
13375,13375,CUSTOMER
11440,11440,CUSTOMER
13405,13405,CUSTOMER
21310,21310,CUSTOMER
11005,11005,CUSTOMER
16195,16195,CUSTOMER
17335,17335,CUSTOMER
18220,18220,CUSTOMER
17485,17485,CUSTOMER
20320,20320,CUSTOMER
21415,21415,CUSTOMER
15625,15625,CUSTOMER
18835,18835,CUSTOMER
19420,19420,CUSTOMER
20935,20935,CUSTOMER
11125,11125,CUSTOMER
13825,13825,CUSTOMER
11575,11575,CUSTOMER
16705,16705,CUSTOMER
16570,16570,CUSTOMER
20260,20260,CUSTOMER
12295,12295,CUSTOMER
20605,20605,CUSTOMER
21010,21010,CUSTOMER
13810,13810,CUSTOMER
18040,18040,CUSTOMER
12580,12580,CUSTOMER
10750,10750,CUSTOMER
19240,19240,CUSTOMER
20380,20380,CUSTOMER
11935,11935,CUSTOMER
14695,14695,CUSTOMER
21250,21250,CUSTOMER
15865,15865,CUSTOMER
20575,20575,CUSTOMER
17200,17200,CUSTOMER
19315,19315,CUSTOMER
12910,12910,CUSTOMER
21220,21220,CUSTOMER
17170,17170,CUSTOMER
16615,16615,CUSTOMER
18580,18580,CUSTOMER
11635,11635,CUSTOMER
12235,12235,CUSTOMER
13780,13780,CUSTOMER
16450,16450,CUSTOMER
11350,11350,CUSTOMER
10300,10300,CUSTOMER
17635,17635,CUSTOMER
21385,21385,CUSTOMER
15295,15295,CUSTOMER
21265,21265,CUSTOMER
20170,20170,CUSTOMER
12700,12700,CUSTOMER
15025,15025,CUSTOMER
18310,18310,CUSTOMER
19525,19525,CUSTOMER
21295,21295,CUSTOMER
20785,20785,CUSTOMER
11410,11410,CUSTOMER
20680,20680,CUSTOMER
13135,13135,CUSTOMER
14350,14350,CUSTOMER
17530,17530,CUSTOMER
19555,19555,CUSTOMER
14515,14515,CUSTOMER
16135,16135,CUSTOMER
13240,13240,CUSTOMER
17950,17950,CUSTOMER
13330,13330,CUSTOMER
18025,18025,CUSTOMER
12940,12940,CUSTOMER
13015,13015,CUSTOMER
11965,11965,CUSTOMER
10660,10660,CUSTOMER
13345,13345,CUSTOMER
21715,21715,CUSTOMER
12370,12370,CUSTOMER
11275,11275,CUSTOMER
14845,14845,CUSTOMER
11155,11155,CUSTOMER
14140,14140,CUSTOMER
17995,17995,CUSTOMER
10555,10555,CUSTOMER
14575,14575,CUSTOMER
16045,16045,CUSTOMER
17875,17875,CUSTOMER
20425,20425,CUSTOMER
16000,16000,CUSTOMER
12955,12955,CUSTOMER
21475,21475,CUSTOMER
20350,20350,CUSTOMER
19450,19450,CUSTOMER
11215,11215,CUSTOMER
16405,16405,CUSTOMER
15310,15310,CUSTOMER
14050,14050,CUSTOMER
14110,14110,CUSTOMER
15460,15460,CUSTOMER
11845,11845,CUSTOMER
14410,14410,CUSTOMER
19090,19090,CUSTOMER
15130,15130,CUSTOMER
10030,10030,CUSTOMER
12475,12475,CUSTOMER
13195,13195,CUSTOMER
20215,20215,CUSTOMER
11740,11740,CUSTOMER
16795,16795,CUSTOMER
11815,11815,CUSTOMER
14185,14185,CUSTOMER
21505,21505,CUSTOMER
18880,18880,CUSTOMER
17050,17050,CUSTOMER
12490,12490,CUSTOMER
13075,13075,CUSTOMER
15145,15145,CUSTOMER
10690,10690,CUSTOMER
14875,14875,CUSTOMER
17455,17455,CUSTOMER
19930,19930,CUSTOMER
20020,20020,CUSTOMER
20665,20665,CUSTOMER
14335,14335,CUSTOMER
19330,19330,CUSTOMER
18535,18535,CUSTOMER
12970,12970,CUSTOMER
17665,17665,CUSTOMER
19750,19750,CUSTOMER
21835,21835,CUSTOMER
13720,13720,CUSTOMER
18415,18415,CUSTOMER
17230,17230,CUSTOMER
16420,16420,CUSTOMER
13675,13675,CUSTOMER
19120,19120,CUSTOMER
21700,21700,CUSTOMER
17695,17695,CUSTOMER
20920,20920,CUSTOMER
12175,12175,CUSTOMER
12895,12895,CUSTOMER
16660,16660,CUSTOMER
10645,10645,CUSTOMER
13570,13570,CUSTOMER
10465,10465,CUSTOMER
21565,21565,CUSTOMER
13795,13795,CUSTOMER
12820,12820,CUSTOMER
20890,20890,CUSTOMER
10585,10585,CUSTOMER
18475,18475,CUSTOMER
11365,11365,CUSTOMER
20635,20635,CUSTOMER
19720,19720,CUSTOMER
10330,10330,CUSTOMER
14560,14560,CUSTOMER
21820,21820,CUSTOMER
21490,21490,CUSTOMER
21430,21430,CUSTOMER
13360,13360,CUSTOMER
18550,18550,CUSTOMER
11860,11860,CUSTOMER
18250,18250,CUSTOMER
17125,17125,CUSTOMER
10345,10345,CUSTOMER
16300,16300,CUSTOMER
10015,10015,CUSTOMER
17035,17035,CUSTOMER
20410,20410,CUSTOMER
15580,15580,CUSTOMER
15325,15325,CUSTOMER
13525,13525,CUSTOMER
18265,18265,CUSTOMER
17290,17290,CUSTOMER
14245,14245,CUSTOMER
21115,21115,CUSTOMER
16090,16090,CUSTOMER
20185,20185,CUSTOMER
11035,11035,CUSTOMER
11065,11065,CUSTOMER
18205,18205,CUSTOMER
13645,13645,CUSTOMER
11050,11050,CUSTOMER
21655,21655,CUSTOMER
14200,14200,CUSTOMER
10810,10810,CUSTOMER
17440,17440,CUSTOMER
20515,20515,CUSTOMER
16855,16855,CUSTOMER
21760,21760,CUSTOMER
21145,21145,CUSTOMER
15055,15055,CUSTOMER
10570,10570,CUSTOMER
12715,12715,CUSTOMER
14395,14395,CUSTOMER
16960,16960,CUSTOMER
14800,14800,CUSTOMER
11560,11560,CUSTOMER
14785,14785,CUSTOMER
11875,11875,CUSTOMER
19870,19870,CUSTOMER
20845,20845,CUSTOMER
19405,19405,CUSTOMER
20905,20905,CUSTOMER
11920,11920,CUSTOMER
